epoch,loss,perplexity
1,4.542278,93.9044
2,4.241157,69.4882
3,4.096268,60.1156
4,4.009324,55.1096
5,3.930957,50.9557
6,3.901125,49.4581
7,3.829413,46.0355
8,3.766153,43.2135
9,3.732302,41.7752
10,3.703301,40.5811
11,3.609169,36.9354
12,3.536430,34.3441
13,3.506597,33.3346
14,3.468818,32.0988
15,3.381585,29.4174
16,3.374505,29.2098
17,3.222980,25.1028
18,3.134000,22.9657
19,3.036789,20.8382
20,2.979616,19.6803
21,2.930734,18.7414
22,2.875763,17.7389
23,2.775134,16.0408
24,2.677010,14.5415
25,2.562092,12.9629
26,2.473073,11.8588
27,2.383004,10.8374
28,2.271528,9.6942
29,2.277493,9.7522
30,2.144120,8.5345
31,2.127797,8.3964
32,1.942389,6.9754
33,1.893400,6.6419
34,1.754082,5.7781
35,1.695896,5.4515
36,1.645393,5.1830
37,1.551609,4.7191
38,1.507701,4.5163
39,1.389493,4.0128
40,1.331522,3.7868
41,1.230223,3.4220
42,1.181049,3.2578
43,1.146585,3.1474
44,1.068149,2.9100
45,1.011937,2.7509
46,0.976582,2.6554
47,0.860301,2.3639
48,0.845037,2.3281
49,0.771738,2.1635
50,0.697978,2.0097
51,0.679976,1.9738
52,0.636446,1.8898
53,0.593158,1.8097
54,0.578470,1.7833
55,0.521087,1.6839
56,0.519316,1.6809
57,0.492001,1.6356
58,0.444248,1.5593
59,0.434805,1.5447
60,0.418002,1.5189
61,0.392753,1.4811
62,0.375875,1.4563
63,0.374931,1.4549
64,0.349826,1.4188
65,0.351874,1.4217
66,0.325392,1.3846
67,0.318254,1.3747
68,0.292812,1.3402
69,0.305568,1.3574
70,0.289166,1.3353
71,0.292652,1.3400
72,0.281099,1.3246
73,0.269446,1.3092
74,0.261094,1.2983
75,0.268571,1.3081
76,0.262544,1.3002
77,0.246558,1.2796
78,0.260437,1.2975
79,0.238693,1.2696
80,0.241673,1.2734
81,0.247608,1.2810
82,0.237381,1.2679
83,0.231530,1.2605
84,0.232426,1.2617
85,0.219778,1.2458
86,0.215325,1.2403
87,0.235268,1.2652
88,0.209790,1.2334
89,0.217169,1.2426
90,0.205509,1.2281
91,0.226317,1.2540
92,0.220642,1.2469
93,0.225157,1.2525
94,0.199925,1.2213
95,0.209225,1.2327
96,0.210174,1.2339
97,0.203549,1.2257
98,0.208401,1.2317
99,0.207679,1.2308
100,0.195087,1.2154
101,0.195441,1.2158
102,0.199561,1.2209
103,0.207646,1.2308
104,0.209021,1.2325
105,0.211883,1.2360
106,0.197756,1.2187
107,0.195810,1.2163
108,0.210547,1.2344
109,0.203710,1.2259
110,0.194344,1.2145
111,0.197902,1.2188
112,0.208815,1.2322
113,0.193699,1.2137
114,0.190231,1.2095
115,0.192849,1.2127
116,0.197856,1.2188
117,0.196513,1.2172
118,0.187515,1.2062
119,0.201583,1.2233
120,0.194220,1.2144
121,0.196058,1.2166
122,0.199711,1.2210
123,0.195961,1.2165
124,0.184681,1.2028
125,0.187966,1.2068
126,0.192129,1.2118
127,0.187285,1.2060
128,0.188026,1.2069
129,0.190917,1.2104
130,0.190047,1.2093
131,0.188982,1.2080
132,0.203697,1.2259
133,0.194561,1.2148
134,0.187186,1.2059
135,0.183384,1.2013
136,0.192912,1.2128
137,0.185976,1.2044
138,0.190599,1.2100
139,0.202496,1.2245
140,0.188141,1.2070
141,0.184545,1.2027
142,0.196616,1.2173
143,0.189856,1.2091
144,0.196514,1.2172
145,0.188250,1.2071
146,0.183694,1.2016
147,0.176643,1.1932
148,0.190792,1.2102
149,0.188032,1.2069
150,0.182510,1.2002
151,0.177069,1.1937
152,0.183329,1.2012
153,0.181934,1.1995
154,0.200086,1.2215
155,0.181153,1.1986
156,0.186176,1.2046
157,0.189750,1.2089
158,0.189850,1.2091
159,0.191266,1.2108
160,0.182190,1.1998
161,0.180756,1.1981
162,0.176923,1.1935
163,0.182053,1.1997
164,0.185649,1.2040
165,0.190159,1.2094
166,0.180829,1.1982
167,0.181867,1.1995
168,0.178215,1.1951
169,0.182357,1.2000
170,0.171665,1.1873
171,0.175743,1.1921
172,0.182985,1.2008
173,0.176448,1.1930
174,0.176802,1.1934
175,0.176378,1.1929
176,0.182183,1.1998
177,0.178386,1.1953
178,0.185946,1.2044
179,0.175242,1.1915
180,0.176450,1.1930
181,0.183288,1.2012
182,0.186108,1.2046
183,0.190988,1.2104
184,0.175209,1.1915
185,0.176796,1.1934
186,0.174003,1.1901
187,0.180810,1.1982
188,0.175682,1.1921
189,0.175963,1.1924
190,0.174000,1.1901
191,0.173741,1.1897
192,0.183316,1.2012
193,0.171278,1.1868
194,0.165101,1.1795
195,0.173743,1.1897
196,0.176576,1.1931
197,0.173790,1.1898
198,0.168693,1.1838
199,0.178342,1.1952
200,0.173094,1.1890
201,0.170117,1.1854
202,0.189726,1.2089
203,0.178998,1.1960
204,0.177499,1.1942
205,0.174445,1.1906
206,0.189779,1.2090
207,0.176349,1.1929
208,0.174751,1.1910
209,0.185361,1.2037
210,0.181778,1.1993
211,0.181010,1.1984
212,0.182740,1.2005
213,0.181444,1.1989
214,0.170982,1.1865
215,0.175699,1.1921
216,0.179976,1.1972
217,0.179145,1.1962
218,0.170993,1.1865
219,0.174165,1.1903
220,0.174893,1.1911
221,0.178111,1.1950
222,0.174378,1.1905
223,0.175522,1.1919
224,0.171640,1.1873
225,0.169772,1.1850
226,0.177883,1.1947
227,0.172602,1.1884
228,0.172782,1.1886
229,0.178351,1.1952
230,0.174473,1.1906
231,0.181140,1.1986
232,0.177692,1.1945
233,0.169186,1.1843
234,0.175063,1.1913
235,0.171834,1.1875
236,0.175429,1.1918
237,0.179335,1.1964
238,0.171759,1.1874
239,0.180266,1.1975
240,0.182734,1.2005
241,0.178738,1.1957
242,0.172678,1.1885
243,0.172393,1.1881
244,0.176519,1.1931
245,0.181772,1.1993
246,0.184517,1.2026
247,0.166650,1.1813
248,0.184940,1.2031
249,0.192408,1.2122
250,0.172203,1.1879
251,0.175103,1.1914
252,0.173881,1.1899
253,0.170472,1.1859
254,0.182025,1.1996
255,0.164373,1.1787
256,0.170539,1.1859
257,0.167657,1.1825
258,0.165062,1.1795
259,0.170264,1.1856
260,0.182251,1.1999
261,0.173900,1.1899
262,0.173440,1.1894
263,0.173968,1.1900
264,0.168352,1.1834
265,0.170696,1.1861
266,0.172716,1.1885
267,0.172921,1.1888
268,0.165617,1.1801
269,0.172716,1.1885
270,0.170135,1.1855
271,0.168828,1.1839
272,0.179776,1.1969
273,0.159417,1.1728
274,0.167941,1.1829
275,0.182606,1.2003
276,0.175208,1.1915
277,0.178345,1.1952
278,0.174688,1.1909
279,0.185967,1.2044
280,0.167485,1.1823
281,0.176548,1.1931
282,0.169337,1.1845
283,0.172740,1.1886
284,0.168139,1.1831
285,0.172736,1.1886
286,0.174798,1.1910
287,0.159008,1.1723
288,0.161578,1.1754
289,0.178065,1.1949
290,0.168932,1.1840
291,0.165339,1.1798
292,0.158895,1.1722
293,0.166355,1.1810
294,0.175186,1.1915
295,0.170012,1.1853
296,0.174697,1.1909
297,0.166912,1.1816
298,0.166349,1.1810
299,0.163280,1.1774
300,0.175450,1.1918
301,0.167993,1.1829
302,0.167384,1.1822
303,0.164515,1.1788
304,0.170176,1.1855
305,0.164178,1.1784
306,0.167360,1.1822
307,0.165582,1.1801
308,0.163934,1.1781
309,0.161340,1.1751
310,0.175786,1.1922
311,0.176129,1.1926
312,0.173054,1.1889
313,0.167340,1.1822
314,0.166468,1.1811
315,0.171711,1.1873
316,0.166454,1.1811
317,0.169982,1.1853
318,0.169589,1.1848
319,0.178373,1.1953
320,0.174844,1.1911
321,0.170582,1.1860
322,0.170680,1.1861
323,0.162581,1.1765
324,0.172046,1.1877
325,0.169373,1.1846
326,0.179299,1.1964
327,0.168204,1.1832
328,0.169265,1.1844
329,0.172006,1.1877
330,0.174414,1.1905
331,0.168357,1.1834
332,0.169252,1.1844
333,0.168869,1.1840
334,0.166762,1.1815
335,0.170668,1.1861
336,0.172466,1.1882
337,0.168465,1.1835
338,0.169266,1.1844
339,0.171942,1.1876
340,0.169851,1.1851
341,0.164268,1.1785
342,0.178260,1.1951
343,0.161024,1.1747
344,0.180623,1.1980
345,0.168739,1.1838
346,0.173353,1.1893
347,0.162880,1.1769
348,0.163731,1.1779
349,0.167423,1.1823
350,0.163634,1.1778
351,0.162514,1.1765
352,0.160915,1.1746
353,0.168048,1.1830
354,0.166468,1.1811
355,0.167660,1.1825
356,0.166729,1.1814
357,0.179227,1.1963
358,0.165984,1.1806
359,0.169796,1.1851
360,0.181099,1.1985
361,0.164840,1.1792
362,0.172687,1.1885
363,0.162141,1.1760
364,0.174769,1.1910
365,0.160602,1.1742
366,0.156861,1.1698
367,0.162383,1.1763
368,0.161337,1.1751
369,0.173808,1.1898
370,0.169902,1.1852
371,0.166101,1.1807
372,0.164325,1.1786
373,0.161551,1.1753
374,0.160825,1.1745
375,0.154290,1.1668
376,0.166455,1.1811
377,0.166391,1.1810
378,0.169649,1.1849
379,0.158072,1.1713
380,0.167200,1.1820
381,0.168740,1.1838
382,0.165896,1.1804
383,0.162014,1.1759
384,0.174711,1.1909
385,0.172870,1.1887
386,0.160682,1.1743
387,0.172564,1.1883
388,0.176651,1.1932
389,0.167034,1.1818
390,0.161413,1.1752
391,0.164867,1.1792
392,0.169572,1.1848
393,0.171652,1.1873
394,0.167404,1.1822
395,0.171914,1.1876
396,0.165412,1.1799
397,0.167725,1.1826
398,0.163730,1.1779
399,0.179305,1.1964
400,0.160305,1.1739
401,0.167717,1.1826
402,0.165571,1.1801
403,0.167370,1.1822
404,0.161934,1.1758
405,0.163120,1.1772
406,0.166735,1.1814
407,0.169463,1.1847
408,0.163939,1.1781
409,0.170873,1.1863
410,0.166715,1.1814
411,0.153519,1.1659
412,0.173381,1.1893
413,0.173394,1.1893
414,0.164870,1.1792
415,0.163231,1.1773
416,0.161046,1.1747
417,0.172908,1.1888
418,0.166313,1.1809
419,0.166264,1.1809
420,0.168430,1.1834
421,0.164520,1.1788
422,0.171976,1.1876
423,0.172749,1.1886
424,0.167940,1.1829
425,0.163579,1.1777
426,0.166972,1.1817
427,0.171501,1.1871
428,0.163817,1.1780
429,0.164428,1.1787
430,0.159901,1.1734
431,0.162004,1.1759
432,0.166990,1.1817
433,0.174427,1.1906
434,0.165367,1.1798
435,0.169385,1.1846
436,0.168889,1.1840
437,0.161255,1.1750
438,0.175042,1.1913
439,0.169677,1.1849
440,0.169425,1.1846
441,0.164674,1.1790
442,0.171769,1.1874
443,0.166923,1.1817
444,0.172703,1.1885
445,0.163511,1.1776
446,0.174354,1.1905
447,0.171996,1.1877
448,0.164460,1.1788
449,0.173342,1.1893
450,0.168095,1.1830
451,0.167379,1.1822
452,0.176006,1.1924
453,0.170505,1.1859
454,0.159958,1.1735
455,0.169467,1.1847
456,0.170902,1.1864
457,0.164589,1.1789
458,0.161788,1.1756
459,0.169503,1.1847
460,0.161472,1.1752
461,0.164759,1.1791
462,0.170467,1.1859
463,0.165372,1.1798
464,0.164058,1.1783
465,0.160780,1.1744
466,0.160819,1.1745
467,0.162167,1.1761
468,0.170813,1.1863
469,0.158424,1.1717
470,0.165398,1.1799
471,0.173070,1.1889
472,0.170895,1.1864
473,0.175112,1.1914
474,0.164129,1.1784
475,0.168595,1.1836
476,0.153399,1.1658
477,0.165596,1.1801
478,0.168809,1.1839
479,0.170428,1.1858
480,0.166992,1.1817
481,0.158770,1.1721
482,0.162910,1.1769
483,0.171738,1.1874
484,0.156317,1.1692
485,0.167579,1.1824
486,0.168713,1.1838
487,0.175471,1.1918
488,0.156691,1.1696
489,0.165227,1.1797
490,0.166699,1.1814
491,0.164606,1.1789
492,0.171329,1.1869
493,0.177210,1.1939
494,0.171763,1.1874
495,0.180591,1.1979
496,0.162175,1.1761
497,0.165585,1.1801
498,0.169742,1.1850
499,0.168300,1.1833
500,0.160937,1.1746
501,0.172627,1.1884
502,0.160566,1.1742
503,0.155968,1.1688
504,0.174700,1.1909
505,0.158925,1.1723
506,0.166461,1.1811
507,0.167355,1.1822
508,0.162968,1.1770
509,0.163943,1.1781
510,0.172752,1.1886
511,0.162460,1.1764
512,0.153644,1.1661
513,0.161736,1.1755
514,0.173077,1.1890
515,0.170361,1.1857
516,0.165711,1.1802
517,0.158849,1.1722
518,0.160519,1.1741
519,0.157244,1.1703
520,0.168230,1.1832
521,0.158894,1.1722
522,0.169547,1.1848
523,0.156164,1.1690
524,0.165031,1.1794
525,0.173546,1.1895
526,0.162074,1.1759
527,0.166764,1.1815
528,0.158813,1.1721
529,0.156807,1.1698
530,0.159967,1.1735
531,0.158831,1.1721
532,0.171175,1.1867
533,0.166434,1.1811
534,0.167463,1.1823
535,0.159137,1.1725
536,0.163179,1.1772
537,0.162812,1.1768
538,0.168493,1.1835
539,0.161598,1.1754
540,0.165044,1.1794
541,0.163978,1.1782
542,0.173093,1.1890
543,0.164464,1.1788
544,0.168390,1.1834
545,0.169606,1.1848
546,0.163460,1.1776
547,0.159760,1.1732
548,0.172461,1.1882
549,0.174526,1.1907
550,0.158370,1.1716
551,0.160089,1.1736
552,0.159236,1.1726
553,0.157923,1.1711
554,0.169694,1.1849
555,0.180165,1.1974
556,0.157157,1.1702
557,0.171067,1.1866
558,0.154323,1.1669
559,0.163507,1.1776
560,0.155096,1.1678
561,0.164754,1.1791
562,0.158603,1.1719
563,0.151424,1.1635
564,0.160199,1.1737
565,0.161594,1.1754
566,0.156100,1.1689
567,0.164686,1.1790
568,0.173051,1.1889
569,0.166902,1.1816
570,0.167602,1.1825
571,0.167261,1.1821
572,0.164366,1.1786
573,0.159779,1.1733
574,0.168243,1.1832
575,0.160689,1.1743
576,0.159841,1.1733
577,0.162199,1.1761
578,0.158179,1.1714
579,0.159122,1.1725
580,0.160015,1.1735
581,0.162434,1.1764
582,0.161260,1.1750
583,0.163503,1.1776
584,0.165084,1.1795
585,0.158095,1.1713
586,0.166879,1.1816
587,0.175193,1.1915
588,0.157382,1.1704
589,0.161269,1.1750
590,0.158473,1.1717
591,0.155209,1.1679
592,0.159618,1.1731
593,0.164488,1.1788
594,0.165441,1.1799
595,0.162549,1.1765
596,0.163290,1.1774
597,0.160668,1.1743
598,0.157160,1.1702
599,0.151003,1.1630
600,0.166370,1.1810
601,0.165453,1.1799
602,0.159012,1.1724
603,0.168211,1.1832
604,0.154985,1.1676
605,0.162161,1.1760
606,0.163844,1.1780
607,0.162026,1.1759
608,0.169950,1.1852
609,0.160590,1.1742
610,0.169079,1.1842
611,0.162855,1.1769
612,0.162397,1.1763
613,0.156803,1.1698
614,0.166500,1.1812
615,0.162903,1.1769
616,0.160035,1.1736
617,0.162385,1.1763
618,0.165414,1.1799
619,0.161993,1.1759
620,0.174794,1.1910
621,0.158690,1.1720
622,0.163066,1.1771
623,0.157894,1.1710
624,0.166000,1.1806
625,0.150279,1.1622
626,0.156349,1.1692
627,0.167881,1.1828
628,0.161093,1.1748
629,0.169607,1.1848
630,0.164638,1.1790
631,0.163975,1.1782
632,0.161301,1.1750
633,0.159464,1.1729
634,0.160900,1.1746
635,0.158757,1.1721
636,0.160613,1.1742
637,0.153165,1.1655
638,0.158660,1.1719
639,0.159124,1.1725
640,0.173062,1.1889
641,0.170583,1.1860
642,0.158304,1.1715
643,0.160863,1.1745
644,0.157469,1.1705
645,0.163714,1.1779
646,0.164241,1.1785
647,0.161196,1.1749
648,0.156155,1.1690
649,0.163139,1.1772
650,0.162383,1.1763
651,0.167573,1.1824
652,0.154223,1.1668
653,0.158470,1.1717
654,0.164382,1.1787
655,0.164101,1.1783
656,0.167255,1.1821
657,0.163383,1.1775
658,0.152553,1.1648
659,0.161350,1.1751
660,0.156636,1.1696
661,0.157441,1.1705
662,0.175270,1.1916
663,0.155852,1.1687
664,0.162378,1.1763
665,0.163208,1.1773
666,0.161550,1.1753
667,0.168554,1.1836
668,0.160637,1.1743
669,0.156321,1.1692
670,0.171408,1.1870
671,0.155392,1.1681
672,0.160325,1.1739
673,0.165741,1.1803
674,0.158328,1.1716
675,0.161478,1.1752
676,0.164149,1.1784
677,0.171077,1.1866
678,0.158506,1.1718
679,0.166981,1.1817
680,0.159643,1.1731
681,0.168261,1.1832
682,0.158395,1.1716
683,0.163021,1.1771
684,0.162501,1.1764
685,0.158659,1.1719
686,0.154923,1.1676
687,0.164139,1.1784
688,0.160376,1.1740
689,0.161539,1.1753
690,0.160228,1.1738
691,0.167595,1.1825
692,0.161694,1.1755
693,0.159432,1.1728
694,0.157969,1.1711
695,0.159160,1.1725
696,0.161398,1.1752
697,0.151291,1.1633
698,0.163295,1.1774
699,0.161675,1.1755
700,0.157500,1.1706
701,0.164907,1.1793
702,0.158430,1.1717
703,0.158521,1.1718
704,0.164327,1.1786
705,0.159239,1.1726
706,0.161450,1.1752
707,0.151343,1.1634
708,0.157744,1.1709
709,0.161645,1.1754
710,0.153674,1.1661
711,0.161928,1.1758
712,0.160995,1.1747
713,0.165624,1.1801
714,0.161186,1.1749
715,0.158097,1.1713
716,0.154404,1.1670
717,0.156724,1.1697
718,0.162714,1.1767
719,0.151447,1.1635
720,0.169256,1.1844
721,0.162539,1.1765
722,0.162842,1.1769
723,0.164548,1.1789
724,0.168299,1.1833
725,0.159363,1.1728
726,0.154731,1.1673
727,0.165947,1.1805
728,0.160409,1.1740
729,0.165560,1.1801
730,0.162906,1.1769
731,0.154655,1.1673
732,0.158633,1.1719
733,0.157022,1.1700
734,0.163496,1.1776
735,0.157975,1.1711
736,0.163571,1.1777
737,0.161101,1.1748
738,0.159575,1.1730
739,0.164360,1.1786
740,0.157406,1.1705
741,0.160131,1.1737
742,0.157875,1.1710
743,0.157811,1.1709
744,0.160651,1.1743
745,0.155130,1.1678
746,0.160310,1.1739
747,0.162312,1.1762
748,0.163056,1.1771
749,0.168483,1.1835
750,0.162616,1.1766
751,0.166879,1.1816
752,0.152696,1.1650
753,0.161828,1.1757
754,0.159467,1.1729
755,0.173360,1.1893
756,0.158457,1.1717
757,0.168315,1.1833
758,0.159415,1.1728
759,0.161237,1.1750
760,0.166018,1.1806
761,0.159567,1.1730
762,0.157739,1.1709
763,0.172881,1.1887
764,0.161580,1.1754
765,0.158557,1.1718
766,0.164844,1.1792
767,0.162313,1.1762
768,0.160761,1.1744
769,0.163345,1.1774
770,0.160578,1.1742
771,0.159933,1.1734
772,0.160527,1.1741
773,0.158283,1.1715
774,0.156632,1.1696
775,0.158035,1.1712
776,0.153445,1.1658
777,0.154065,1.1666
778,0.155064,1.1677
779,0.164103,1.1783
780,0.165841,1.1804
781,0.157378,1.1704
782,0.158353,1.1716
783,0.164554,1.1789
784,0.163459,1.1776
785,0.162451,1.1764
786,0.160756,1.1744
787,0.153023,1.1654
788,0.161294,1.1750
789,0.166514,1.1812
790,0.159701,1.1732
791,0.160761,1.1744
792,0.152552,1.1648
793,0.161117,1.1748
794,0.154081,1.1666
795,0.163674,1.1778
796,0.162204,1.1761
797,0.162795,1.1768
798,0.157594,1.1707
799,0.154901,1.1675
800,0.159513,1.1729
801,0.161559,1.1753
802,0.164940,1.1793
803,0.159312,1.1727
804,0.157992,1.1712
805,0.167471,1.1823
806,0.166741,1.1814
807,0.156060,1.1689
808,0.158001,1.1712
809,0.162749,1.1767
810,0.161394,1.1751
811,0.155069,1.1677
812,0.156280,1.1692
813,0.159029,1.1724
814,0.151972,1.1641
815,0.152482,1.1647
816,0.162211,1.1761
817,0.163825,1.1780
818,0.162504,1.1765
819,0.158749,1.1720
820,0.155130,1.1678
821,0.159211,1.1726
822,0.165219,1.1797
823,0.162443,1.1764
824,0.162542,1.1765
825,0.162278,1.1762
826,0.159348,1.1727
827,0.154844,1.1675
828,0.158537,1.1718
829,0.166005,1.1806
830,0.157627,1.1707
831,0.164216,1.1785
832,0.155414,1.1681
833,0.154763,1.1674
834,0.162678,1.1767
835,0.161542,1.1753
836,0.160298,1.1739
837,0.143454,1.1543
838,0.153925,1.1664
839,0.153440,1.1658
840,0.162759,1.1768
841,0.165724,1.1802
842,0.155293,1.1680
843,0.161695,1.1755
844,0.158538,1.1718
845,0.162218,1.1761
846,0.159966,1.1735
847,0.166966,1.1817
848,0.163592,1.1777
849,0.160372,1.1739
850,0.152785,1.1651
851,0.170933,1.1864
852,0.160969,1.1746
853,0.163977,1.1782
854,0.155153,1.1678
855,0.158145,1.1713
856,0.156751,1.1697
857,0.156381,1.1693
858,0.155232,1.1679
859,0.155251,1.1680
860,0.156056,1.1689
861,0.157054,1.1701
862,0.153515,1.1659
863,0.158529,1.1718
864,0.153645,1.1661
865,0.158484,1.1717
866,0.159652,1.1731
867,0.164986,1.1794
868,0.153135,1.1655
869,0.158843,1.1722
870,0.153344,1.1657
871,0.158218,1.1714
872,0.155750,1.1685
873,0.158603,1.1719
874,0.159021,1.1724
875,0.163658,1.1778
876,0.161564,1.1753
877,0.154681,1.1673
878,0.158083,1.1713
879,0.165262,1.1797
880,0.157859,1.1710
881,0.155647,1.1684
882,0.159044,1.1724
883,0.160455,1.1740
884,0.153221,1.1656
885,0.164764,1.1791
886,0.155622,1.1684
887,0.160160,1.1737
888,0.157432,1.1705
889,0.162383,1.1763
890,0.162101,1.1760
891,0.160402,1.1740
892,0.169949,1.1852
893,0.167001,1.1818
894,0.158437,1.1717
895,0.157470,1.1705
896,0.159672,1.1731
897,0.152788,1.1651
898,0.164377,1.1787
899,0.157986,1.1712
900,0.164926,1.1793
901,0.151242,1.1633
902,0.154962,1.1676
903,0.150877,1.1629
904,0.157055,1.1701
905,0.154015,1.1665
906,0.157093,1.1701
907,0.162932,1.1770
908,0.152099,1.1643
909,0.151965,1.1641
910,0.150816,1.1628
911,0.163782,1.1780
912,0.165505,1.1800
913,0.152962,1.1653
914,0.150973,1.1630
915,0.157992,1.1712
916,0.157325,1.1704
917,0.162331,1.1762
918,0.162998,1.1770
919,0.153683,1.1661
920,0.157079,1.1701
921,0.157203,1.1702
922,0.153888,1.1664
923,0.163626,1.1778
924,0.146243,1.1575
925,0.158994,1.1723
926,0.155757,1.1685
927,0.166610,1.1813
928,0.165587,1.1801
929,0.159195,1.1726
930,0.156848,1.1698
931,0.155622,1.1684
932,0.153465,1.1659
933,0.154433,1.1670
934,0.153680,1.1661
935,0.165223,1.1797
936,0.170615,1.1860
937,0.159449,1.1729
938,0.159747,1.1732
939,0.163841,1.1780
940,0.159482,1.1729
941,0.154857,1.1675
942,0.157023,1.1700
943,0.159177,1.1725
944,0.155303,1.1680
945,0.157599,1.1707
946,0.155469,1.1682
947,0.156255,1.1691
948,0.157293,1.1703
949,0.163911,1.1781
950,0.156545,1.1695
951,0.156119,1.1690
952,0.163820,1.1780
953,0.153985,1.1665
954,0.152287,1.1645
955,0.148804,1.1604
956,0.172628,1.1884
957,0.156824,1.1698
958,0.158561,1.1718
959,0.158358,1.1716
960,0.161175,1.1749
961,0.154723,1.1673
962,0.157128,1.1701
963,0.157957,1.1711
964,0.157105,1.1701
965,0.159115,1.1725
966,0.161626,1.1754
967,0.160455,1.1740
968,0.151669,1.1638
969,0.154605,1.1672
970,0.160857,1.1745
971,0.154246,1.1668
972,0.157650,1.1708
973,0.164598,1.1789
974,0.162964,1.1770
975,0.160399,1.1740
976,0.154723,1.1673
977,0.159641,1.1731
978,0.161996,1.1759
979,0.157116,1.1701
980,0.153333,1.1657
981,0.158082,1.1713
982,0.156259,1.1691
983,0.148927,1.1606
984,0.161977,1.1758
985,0.151767,1.1639
986,0.163154,1.1772
987,0.151285,1.1633
988,0.168068,1.1830
989,0.155049,1.1677
990,0.166444,1.1811
991,0.161666,1.1755
992,0.157821,1.1710
993,0.162986,1.1770
994,0.161321,1.1751
995,0.162481,1.1764
996,0.165127,1.1795
997,0.154500,1.1671
998,0.156890,1.1699
999,0.161077,1.1748
1000,0.162545,1.1765
1001,0.161980,1.1758
1002,0.156689,1.1696
1003,0.161124,1.1748
1004,0.165482,1.1800
1005,0.164633,1.1790
1006,0.149831,1.1616
1007,0.156809,1.1698
1008,0.166345,1.1810
1009,0.165108,1.1795
1010,0.158759,1.1721
1011,0.156214,1.1691
1012,0.159617,1.1731
1013,0.149566,1.1613
1014,0.163304,1.1774
1015,0.154325,1.1669
1016,0.162176,1.1761
1017,0.162741,1.1767
1018,0.157468,1.1705
1019,0.150564,1.1625
1020,0.153480,1.1659
1021,0.160377,1.1740
1022,0.148498,1.1601
1023,0.153232,1.1656
1024,0.145556,1.1567
1025,0.157895,1.1710
1026,0.164979,1.1794
1027,0.162610,1.1766
1028,0.158605,1.1719
1029,0.157805,1.1709
1030,0.160193,1.1737
1031,0.159089,1.1724
1032,0.154822,1.1675
1033,0.158405,1.1716
1034,0.156167,1.1690
1035,0.158705,1.1720
1036,0.160776,1.1744
1037,0.155858,1.1687
1038,0.158257,1.1715
1039,0.153456,1.1659
1040,0.153337,1.1657
1041,0.167898,1.1828
1042,0.156462,1.1694
1043,0.150366,1.1623
1044,0.156798,1.1698
1045,0.155612,1.1684
1046,0.159801,1.1733
1047,0.154737,1.1674
1048,0.157415,1.1705
1049,0.156314,1.1692
1050,0.156481,1.1694
1051,0.162240,1.1761
1052,0.157404,1.1705
1053,0.160209,1.1738
1054,0.155824,1.1686
1055,0.151786,1.1639
1056,0.159079,1.1724
1057,0.154841,1.1675
1058,0.158467,1.1717
1059,0.161757,1.1756
1060,0.159459,1.1729
1061,0.161098,1.1748
1062,0.151906,1.1641
1063,0.156763,1.1697
1064,0.151402,1.1635
1065,0.154192,1.1667
1066,0.162299,1.1762
1067,0.168990,1.1841
1068,0.163059,1.1771
1069,0.151074,1.1631
1070,0.154080,1.1666
1071,0.162602,1.1766
1072,0.155344,1.1681
1073,0.156856,1.1698
1074,0.159720,1.1732
1075,0.150232,1.1621
1076,0.156596,1.1695
1077,0.156238,1.1691
1078,0.156123,1.1690
1079,0.158041,1.1712
1080,0.158930,1.1723
1081,0.149571,1.1613
1082,0.167715,1.1826
1083,0.160571,1.1742
1084,0.154701,1.1673
1085,0.161027,1.1747
1086,0.166827,1.1816
1087,0.157129,1.1701
1088,0.157161,1.1702
1089,0.154712,1.1673
1090,0.151512,1.1636
1091,0.160087,1.1736
1092,0.162555,1.1765
1093,0.157711,1.1708
1094,0.158852,1.1722
1095,0.164560,1.1789
1096,0.153731,1.1662
1097,0.156576,1.1695
1098,0.152411,1.1646
1099,0.155939,1.1688
1100,0.156985,1.1700
1101,0.153046,1.1654
1102,0.154866,1.1675
1103,0.156431,1.1693
1104,0.165988,1.1806
1105,0.162057,1.1759
1106,0.150434,1.1623
1107,0.158689,1.1720
1108,0.153416,1.1658
1109,0.151717,1.1638
1110,0.162630,1.1766
1111,0.160747,1.1744
1112,0.157923,1.1711
1113,0.160956,1.1746
1114,0.151224,1.1633
1115,0.157532,1.1706
1116,0.161841,1.1757
1117,0.164351,1.1786
1118,0.152258,1.1645
1119,0.157571,1.1707
1120,0.164923,1.1793
1121,0.161859,1.1757
1122,0.156936,1.1699
1123,0.158968,1.1723
1124,0.164916,1.1793
1125,0.154347,1.1669
1126,0.150327,1.1622
1127,0.160711,1.1743
1128,0.151601,1.1637
1129,0.153483,1.1659
1130,0.163270,1.1774
1131,0.151227,1.1633
1132,0.164673,1.1790
1133,0.162133,1.1760
1134,0.159717,1.1732
1135,0.158312,1.1715
1136,0.152202,1.1644
1137,0.159547,1.1730
1138,0.159875,1.1734
1139,0.155981,1.1688
1140,0.161629,1.1754
1141,0.152098,1.1643
1142,0.156012,1.1688
1143,0.160279,1.1738
1144,0.164337,1.1786
1145,0.152403,1.1646
1146,0.158366,1.1716
1147,0.155824,1.1686
1148,0.152629,1.1649
1149,0.164594,1.1789
1150,0.151433,1.1635
1151,0.156219,1.1691
1152,0.160352,1.1739
1153,0.155284,1.1680
1154,0.157710,1.1708
1155,0.145680,1.1568
1156,0.159786,1.1733
1157,0.156232,1.1691
1158,0.158965,1.1723
1159,0.158946,1.1723
1160,0.157100,1.1701
1161,0.155425,1.1682
1162,0.160930,1.1746
1163,0.160604,1.1742
1164,0.147485,1.1589
1165,0.166542,1.1812
1166,0.155971,1.1688
1167,0.158722,1.1720
1168,0.154752,1.1674
1169,0.171451,1.1870
1170,0.159203,1.1726
1171,0.154344,1.1669
1172,0.155851,1.1687
1173,0.152829,1.1651
1174,0.166349,1.1810
1175,0.154034,1.1665
1176,0.158477,1.1717
1177,0.153821,1.1663
1178,0.156241,1.1691
1179,0.150786,1.1627
1180,0.157009,1.1700
1181,0.156698,1.1696
1182,0.155537,1.1683
1183,0.163950,1.1782
1184,0.151984,1.1641
1185,0.160711,1.1743
1186,0.150090,1.1619
1187,0.151336,1.1634
1188,0.154882,1.1675
1189,0.154771,1.1674
1190,0.157232,1.1703
1191,0.164350,1.1786
1192,0.160868,1.1745
1193,0.165454,1.1799
1194,0.155265,1.1680
1195,0.156340,1.1692
1196,0.159176,1.1725
1197,0.166457,1.1811
1198,0.155418,1.1681
1199,0.156112,1.1690
1200,0.156499,1.1694
1201,0.157922,1.1711
1202,0.160980,1.1747
1203,0.149856,1.1617
1204,0.158655,1.1719
1205,0.156127,1.1690
1206,0.153769,1.1662
1207,0.150982,1.1630
1208,0.151725,1.1638
1209,0.169017,1.1841
1210,0.160328,1.1739
1211,0.163964,1.1782
1212,0.162077,1.1760
1213,0.154302,1.1668
1214,0.158617,1.1719
1215,0.155270,1.1680
1216,0.148847,1.1605
1217,0.154975,1.1676
1218,0.157070,1.1701
1219,0.151983,1.1641
1220,0.150141,1.1620
1221,0.155925,1.1687
1222,0.162073,1.1759
1223,0.149945,1.1618
1224,0.158742,1.1720
1225,0.155608,1.1684
1226,0.153898,1.1664
1227,0.146974,1.1583
1228,0.157045,1.1700
1229,0.161509,1.1753
1230,0.156451,1.1694
1231,0.155272,1.1680
1232,0.161784,1.1756
1233,0.153302,1.1657
1234,0.163469,1.1776
1235,0.162378,1.1763
1236,0.160701,1.1743
1237,0.154098,1.1666
1238,0.153781,1.1662
1239,0.165193,1.1796
1240,0.156125,1.1690
1241,0.162852,1.1769
1242,0.165578,1.1801
1243,0.155694,1.1685
1244,0.155866,1.1687
1245,0.162988,1.1770
1246,0.158951,1.1723
1247,0.157788,1.1709
1248,0.157805,1.1709
1249,0.157467,1.1705
1250,0.159625,1.1731
1251,0.160635,1.1743
1252,0.146915,1.1583
1253,0.161435,1.1752
1254,0.152039,1.1642
1255,0.155595,1.1684
1256,0.158710,1.1720
1257,0.156291,1.1692
1258,0.154926,1.1676
1259,0.155229,1.1679
1260,0.159485,1.1729
1261,0.159090,1.1724
1262,0.158866,1.1722
1263,0.161241,1.1750
1264,0.151761,1.1639
1265,0.155481,1.1682
1266,0.153381,1.1658
1267,0.148890,1.1605
1268,0.162077,1.1760
1269,0.156235,1.1691
1270,0.163036,1.1771
1271,0.158979,1.1723
1272,0.154453,1.1670
1273,0.151026,1.1630
1274,0.155692,1.1685
1275,0.152685,1.1650
1276,0.152182,1.1644
1277,0.158056,1.1712
1278,0.154418,1.1670
1279,0.163551,1.1777
1280,0.155125,1.1678
1281,0.161474,1.1752
1282,0.153841,1.1663
1283,0.155064,1.1677
1284,0.157246,1.1703
1285,0.152952,1.1653
1286,0.157009,1.1700
1287,0.150043,1.1619
1288,0.154348,1.1669
1289,0.156805,1.1698
1290,0.154722,1.1673
1291,0.156188,1.1690
1292,0.159839,1.1733
1293,0.154719,1.1673
1294,0.150741,1.1627
1295,0.148697,1.1603
1296,0.156340,1.1692
1297,0.148894,1.1605
1298,0.159502,1.1729
1299,0.150883,1.1629
1300,0.165592,1.1801
1301,0.152484,1.1647
1302,0.152686,1.1650
1303,0.157239,1.1703
1304,0.153595,1.1660
1305,0.159750,1.1732
1306,0.159885,1.1734
1307,0.152805,1.1651
1308,0.160856,1.1745
1309,0.149780,1.1616
1310,0.152346,1.1646
1311,0.159542,1.1730
1312,0.159049,1.1724
1313,0.154339,1.1669
1314,0.148084,1.1596
1315,0.156348,1.1692
1316,0.153059,1.1654
1317,0.158152,1.1713
1318,0.161452,1.1752
1319,0.155645,1.1684
1320,0.153905,1.1664
1321,0.158833,1.1721
1322,0.158326,1.1715
1323,0.153548,1.1660
1324,0.158477,1.1717
1325,0.154906,1.1675
1326,0.150217,1.1621
1327,0.151447,1.1635
1328,0.151615,1.1637
1329,0.155143,1.1678
1330,0.153622,1.1660
1331,0.159289,1.1727
1332,0.156247,1.1691
1333,0.157804,1.1709
1334,0.157294,1.1703
1335,0.162497,1.1764
1336,0.152304,1.1645
1337,0.162476,1.1764
1338,0.154615,1.1672
1339,0.152897,1.1652
1340,0.159854,1.1733
1341,0.157168,1.1702
1342,0.155308,1.1680
1343,0.163380,1.1775
1344,0.157952,1.1711
1345,0.162163,1.1761
1346,0.161553,1.1753
1347,0.152005,1.1642
1348,0.150515,1.1624
1349,0.155315,1.1680
1350,0.158893,1.1722
1351,0.161067,1.1748
1352,0.161520,1.1753
1353,0.151988,1.1641
1354,0.147878,1.1594
1355,0.152672,1.1649
1356,0.153479,1.1659
1357,0.144776,1.1558
1358,0.151530,1.1636
1359,0.150091,1.1619
1360,0.152722,1.1650
1361,0.153984,1.1665
1362,0.157081,1.1701
1363,0.150614,1.1625
1364,0.163167,1.1772
1365,0.157303,1.1703
1366,0.155464,1.1682
1367,0.158490,1.1717
1368,0.159251,1.1726
1369,0.155796,1.1686
1370,0.152478,1.1647
1371,0.151228,1.1633
1372,0.151655,1.1638
1373,0.157504,1.1706
1374,0.152834,1.1651
1375,0.155083,1.1678
1376,0.152130,1.1643
1377,0.153795,1.1663
1378,0.155853,1.1687
1379,0.156769,1.1697
1380,0.148700,1.1603
1381,0.162898,1.1769
1382,0.151506,1.1636
1383,0.154541,1.1671
1384,0.162612,1.1766
1385,0.149709,1.1615
1386,0.150894,1.1629
1387,0.149571,1.1613
1388,0.160117,1.1736
1389,0.153906,1.1664
1390,0.155980,1.1688
1391,0.150425,1.1623
1392,0.157176,1.1702
1393,0.161499,1.1753
1394,0.153536,1.1659
1395,0.160034,1.1736
1396,0.156901,1.1699
1397,0.158007,1.1712
1398,0.154812,1.1674
1399,0.155345,1.1681
1400,0.153877,1.1663
1401,0.160115,1.1736
1402,0.154585,1.1672
1403,0.152611,1.1649
1404,0.155768,1.1686
1405,0.159789,1.1733
1406,0.159826,1.1733
1407,0.156136,1.1690
1408,0.159781,1.1733
1409,0.152483,1.1647
1410,0.151367,1.1634
1411,0.153343,1.1657
1412,0.158885,1.1722
1413,0.159197,1.1726
1414,0.157675,1.1708
1415,0.148875,1.1605
1416,0.155819,1.1686
1417,0.159876,1.1734
1418,0.157275,1.1703
1419,0.158256,1.1715
1420,0.159004,1.1723
1421,0.155640,1.1684
1422,0.156936,1.1699
1423,0.158899,1.1722
1424,0.154801,1.1674
1425,0.154270,1.1668
1426,0.150643,1.1626
1427,0.145317,1.1564
1428,0.157355,1.1704
1429,0.157307,1.1704
1430,0.157808,1.1709
1431,0.161159,1.1749
1432,0.150222,1.1621
1433,0.161731,1.1755
1434,0.153497,1.1659
1435,0.156944,1.1699
1436,0.155610,1.1684
1437,0.151097,1.1631
1438,0.159943,1.1734
1439,0.153838,1.1663
1440,0.155075,1.1677
1441,0.159188,1.1726
1442,0.156042,1.1689
1443,0.160286,1.1738
1444,0.155356,1.1681
1445,0.153700,1.1661
1446,0.154724,1.1673
1447,0.158622,1.1719
1448,0.147799,1.1593
1449,0.150781,1.1627
1450,0.150096,1.1619
1451,0.156332,1.1692
1452,0.152976,1.1653
1453,0.153870,1.1663
1454,0.156601,1.1695
1455,0.153845,1.1663
1456,0.159941,1.1734
1457,0.156594,1.1695
1458,0.160150,1.1737
1459,0.152445,1.1647
1460,0.145284,1.1564
1461,0.153398,1.1658
1462,0.156701,1.1696
1463,0.160585,1.1742
1464,0.144388,1.1553
1465,0.151032,1.1630
1466,0.151547,1.1636
1467,0.160828,1.1745
1468,0.149973,1.1618
1469,0.161970,1.1758
1470,0.162542,1.1765
1471,0.162637,1.1766
1472,0.153156,1.1655
1473,0.162126,1.1760
1474,0.159157,1.1725
1475,0.157068,1.1701
1476,0.153269,1.1656
1477,0.155348,1.1681
1478,0.156132,1.1690
1479,0.156252,1.1691
1480,0.154780,1.1674
1481,0.148822,1.1605
1482,0.154097,1.1666
1483,0.151000,1.1630
1484,0.151108,1.1631
1485,0.164176,1.1784
1486,0.147876,1.1594
1487,0.155958,1.1688
1488,0.160074,1.1736
1489,0.154396,1.1670
1490,0.154259,1.1668
1491,0.157655,1.1708
1492,0.151848,1.1640
1493,0.156601,1.1695
1494,0.153051,1.1654
1495,0.157642,1.1707
1496,0.156763,1.1697
1497,0.157986,1.1712
1498,0.155555,1.1683
1499,0.158044,1.1712
1500,0.167019,1.1818
1501,0.151038,1.1630
1502,0.157203,1.1702
1503,0.150612,1.1625
1504,0.154510,1.1671
1505,0.155689,1.1685
1506,0.149144,1.1608
1507,0.145087,1.1561
1508,0.155914,1.1687
1509,0.154331,1.1669
1510,0.161232,1.1750
1511,0.161201,1.1749
1512,0.149906,1.1617
1513,0.148557,1.1602
1514,0.151375,1.1634
1515,0.160854,1.1745
1516,0.156005,1.1688
1517,0.153570,1.1660
1518,0.147930,1.1594
1519,0.143177,1.1539
1520,0.155790,1.1686
1521,0.156070,1.1689
1522,0.152622,1.1649
1523,0.153996,1.1665
1524,0.162358,1.1763
1525,0.158300,1.1715
1526,0.154200,1.1667
1527,0.151076,1.1631
1528,0.161848,1.1757
1529,0.150815,1.1628
1530,0.150940,1.1629
1531,0.160949,1.1746
1532,0.154795,1.1674
1533,0.147605,1.1591
1534,0.159022,1.1724
1535,0.150028,1.1619
1536,0.151267,1.1633
1537,0.164280,1.1785
1538,0.156948,1.1699
1539,0.153299,1.1657
1540,0.155408,1.1681
1541,0.148725,1.1604
1542,0.161150,1.1749
1543,0.157962,1.1711
1544,0.150407,1.1623
1545,0.154339,1.1669
1546,0.151815,1.1639
1547,0.152615,1.1649
1548,0.155846,1.1686
1549,0.155066,1.1677
1550,0.155951,1.1688
1551,0.151385,1.1634
1552,0.147481,1.1589
1553,0.144467,1.1554
1554,0.158960,1.1723
1555,0.151814,1.1639
1556,0.160185,1.1737
1557,0.153973,1.1665
1558,0.154535,1.1671
1559,0.153051,1.1654
1560,0.156288,1.1692
1561,0.158534,1.1718
1562,0.157309,1.1704
1563,0.159486,1.1729
1564,0.153924,1.1664
1565,0.150691,1.1626
1566,0.156148,1.1690
1567,0.152146,1.1643
1568,0.158735,1.1720
1569,0.153454,1.1659
1570,0.155550,1.1683
1571,0.149916,1.1617
1572,0.157218,1.1703
1573,0.158027,1.1712
1574,0.155112,1.1678
1575,0.151735,1.1639
1576,0.152227,1.1644
1577,0.152533,1.1648
1578,0.150263,1.1621
1579,0.158713,1.1720
1580,0.154745,1.1674
1581,0.154814,1.1674
1582,0.154768,1.1674
1583,0.151816,1.1639
1584,0.155965,1.1688
1585,0.152949,1.1653
1586,0.153739,1.1662
1587,0.153814,1.1663
1588,0.154154,1.1667
1589,0.155505,1.1682
1590,0.148504,1.1601
1591,0.155603,1.1684
1592,0.150361,1.1623
1593,0.149481,1.1612
1594,0.156369,1.1693
1595,0.158025,1.1712
1596,0.156912,1.1699
1597,0.152858,1.1652
1598,0.151808,1.1639
1599,0.162178,1.1761
1600,0.156553,1.1695
1601,0.160690,1.1743
1602,0.157083,1.1701
1603,0.148731,1.1604
1604,0.161224,1.1749
1605,0.151850,1.1640
1606,0.150767,1.1627
1607,0.155895,1.1687
1608,0.147191,1.1586
1609,0.155652,1.1684
1610,0.144004,1.1549
1611,0.161036,1.1747
1612,0.155475,1.1682
1613,0.166381,1.1810
1614,0.156659,1.1696
1615,0.155397,1.1681
1616,0.162791,1.1768
1617,0.158329,1.1716
1618,0.152885,1.1652
1619,0.154199,1.1667
1620,0.148174,1.1597
1621,0.160758,1.1744
1622,0.162663,1.1766
1623,0.152830,1.1651
1624,0.149970,1.1618
1625,0.151146,1.1632
1626,0.155572,1.1683
1627,0.151293,1.1633
1628,0.159461,1.1729
1629,0.163136,1.1772
1630,0.158127,1.1713
1631,0.151802,1.1639
1632,0.159775,1.1732
1633,0.160275,1.1738
1634,0.153775,1.1662
1635,0.150012,1.1618
1636,0.156154,1.1690
1637,0.160987,1.1747
1638,0.154843,1.1675
1639,0.153489,1.1659
1640,0.160546,1.1742
1641,0.152140,1.1643
1642,0.154600,1.1672
1643,0.154085,1.1666
1644,0.158707,1.1720
1645,0.153815,1.1663
1646,0.148563,1.1602
1647,0.157349,1.1704
1648,0.151450,1.1635
1649,0.156572,1.1695
1650,0.151237,1.1633
1651,0.150482,1.1624
1652,0.155042,1.1677
1653,0.155880,1.1687
1654,0.156283,1.1692
1655,0.156709,1.1697
1656,0.160133,1.1737
1657,0.155994,1.1688
1658,0.153536,1.1659
1659,0.159078,1.1724
1660,0.147767,1.1592
1661,0.152483,1.1647
1662,0.147796,1.1593
1663,0.157619,1.1707
1664,0.156391,1.1693
1665,0.155196,1.1679
1666,0.152808,1.1651
1667,0.159909,1.1734
1668,0.148339,1.1599
1669,0.159750,1.1732
1670,0.158218,1.1714
1671,0.160251,1.1738
1672,0.154760,1.1674
1673,0.156412,1.1693
1674,0.157141,1.1702
1675,0.155033,1.1677
1676,0.156805,1.1698
1677,0.154547,1.1671
1678,0.155306,1.1680
1679,0.147433,1.1589
1680,0.143991,1.1549
1681,0.156759,1.1697
1682,0.151126,1.1631
1683,0.150443,1.1623
1684,0.162831,1.1768
1685,0.154347,1.1669
1686,0.158753,1.1720
1687,0.157569,1.1707
1688,0.151803,1.1639
1689,0.149835,1.1616
1690,0.157269,1.1703
1691,0.151929,1.1641
1692,0.149476,1.1612
1693,0.157908,1.1711
1694,0.146346,1.1576
1695,0.148045,1.1596
1696,0.153008,1.1653
1697,0.148375,1.1599
1698,0.158299,1.1715
1699,0.155636,1.1684
1700,0.152070,1.1642
1701,0.152404,1.1646
1702,0.146507,1.1578
1703,0.153155,1.1655
1704,0.158574,1.1718
1705,0.151964,1.1641
1706,0.148711,1.1603
1707,0.151732,1.1638
1708,0.152891,1.1652
1709,0.155339,1.1681
1710,0.155357,1.1681
1711,0.162527,1.1765
1712,0.162087,1.1760
1713,0.150907,1.1629
1714,0.144408,1.1554
1715,0.155162,1.1678
1716,0.152116,1.1643
1717,0.153430,1.1658
1718,0.156553,1.1695
1719,0.149477,1.1612
1720,0.154940,1.1676
1721,0.164498,1.1788
1722,0.155364,1.1681
1723,0.151998,1.1642
1724,0.151574,1.1637
1725,0.154552,1.1671
1726,0.157569,1.1707
1727,0.153828,1.1663
1728,0.149009,1.1607
1729,0.152447,1.1647
1730,0.162986,1.1770
1731,0.152278,1.1645
1732,0.152759,1.1650
1733,0.151991,1.1641
1734,0.158821,1.1721
1735,0.153086,1.1654
1736,0.152719,1.1650
1737,0.148246,1.1598
1738,0.148645,1.1603
1739,0.149532,1.1613
1740,0.155374,1.1681
1741,0.154996,1.1677
1742,0.153724,1.1662
1743,0.152780,1.1651
1744,0.147872,1.1594
1745,0.154466,1.1670
1746,0.155718,1.1685
1747,0.153066,1.1654
1748,0.152547,1.1648
1749,0.151195,1.1632
1750,0.153668,1.1661
1751,0.153257,1.1656
1752,0.156903,1.1699
1753,0.153984,1.1665
1754,0.156815,1.1698
1755,0.143967,1.1548
1756,0.155247,1.1679
1757,0.159413,1.1728
1758,0.148180,1.1597
1759,0.154032,1.1665
1760,0.163349,1.1774
1761,0.160049,1.1736
1762,0.149023,1.1607
1763,0.160254,1.1738
1764,0.150968,1.1630
1765,0.151911,1.1641
1766,0.149320,1.1610
1767,0.150690,1.1626
1768,0.153445,1.1658
1769,0.155545,1.1683
1770,0.156570,1.1695
1771,0.161787,1.1756
1772,0.155257,1.1680
1773,0.150656,1.1626
1774,0.155545,1.1683
1775,0.151459,1.1635
1776,0.157202,1.1702
1777,0.151111,1.1631
1778,0.153418,1.1658
1779,0.152910,1.1652
1780,0.148812,1.1605
1781,0.150150,1.1620
1782,0.151553,1.1636
1783,0.158192,1.1714
1784,0.151689,1.1638
1785,0.146741,1.1581
1786,0.155927,1.1687
1787,0.152778,1.1651
1788,0.153955,1.1664
1789,0.158942,1.1723
1790,0.147940,1.1594
1791,0.150779,1.1627
1792,0.149730,1.1615
1793,0.149942,1.1618
1794,0.162303,1.1762
1795,0.152506,1.1647
1796,0.149020,1.1607
1797,0.147833,1.1593
1798,0.159513,1.1729
1799,0.155405,1.1681
1800,0.150449,1.1624
1801,0.152336,1.1646
1802,0.157158,1.1702
1803,0.154838,1.1675
1804,0.160644,1.1743
1805,0.154350,1.1669
1806,0.150716,1.1627
1807,0.149615,1.1614
1808,0.157896,1.1710
1809,0.161469,1.1752
1810,0.159754,1.1732
1811,0.154883,1.1675
1812,0.152827,1.1651
1813,0.153507,1.1659
1814,0.161747,1.1756
1815,0.155101,1.1678
1816,0.152250,1.1645
1817,0.150878,1.1629
1818,0.151083,1.1631
1819,0.162452,1.1764
1820,0.155375,1.1681
1821,0.156623,1.1696
1822,0.152741,1.1650
1823,0.152399,1.1646
1824,0.157294,1.1703
1825,0.153619,1.1660
1826,0.150575,1.1625
1827,0.157109,1.1701
1828,0.155203,1.1679
1829,0.151603,1.1637
1830,0.150139,1.1620
1831,0.150705,1.1627
1832,0.151196,1.1632
1833,0.152067,1.1642
1834,0.156521,1.1694
1835,0.154454,1.1670
1836,0.151190,1.1632
1837,0.150020,1.1619
1838,0.154182,1.1667
1839,0.153784,1.1662
1840,0.158258,1.1715
1841,0.159950,1.1735
1842,0.149512,1.1613
1843,0.163952,1.1782
1844,0.157287,1.1703
1845,0.150643,1.1626
1846,0.150903,1.1629
1847,0.158746,1.1720
1848,0.153113,1.1655
1849,0.161285,1.1750
1850,0.154358,1.1669
1851,0.157247,1.1703
1852,0.153188,1.1655
1853,0.158891,1.1722
1854,0.156516,1.1694
1855,0.154100,1.1666
1856,0.155396,1.1681
1857,0.153522,1.1659
1858,0.148231,1.1598
1859,0.157463,1.1705
1860,0.152088,1.1643
1861,0.154354,1.1669
1862,0.160029,1.1735
1863,0.157525,1.1706
1864,0.152195,1.1644
1865,0.154770,1.1674
1866,0.150066,1.1619
1867,0.157998,1.1712
1868,0.150811,1.1628
1869,0.154897,1.1675
1870,0.149508,1.1613
1871,0.151738,1.1639
1872,0.151568,1.1637
1873,0.153390,1.1658
1874,0.152746,1.1650
1875,0.155992,1.1688
1876,0.153152,1.1655
1877,0.154226,1.1668
1878,0.157096,1.1701
1879,0.153407,1.1658
1880,0.151846,1.1640
1881,0.152198,1.1644
1882,0.160011,1.1735
1883,0.152502,1.1647
1884,0.153844,1.1663
1885,0.152033,1.1642
1886,0.155480,1.1682
1887,0.154491,1.1671
1888,0.161283,1.1750
1889,0.155810,1.1686
1890,0.153086,1.1654
1891,0.153498,1.1659
1892,0.159165,1.1725
1893,0.149204,1.1609
1894,0.153550,1.1660
1895,0.154322,1.1669
1896,0.151734,1.1639
1897,0.149156,1.1609
1898,0.151053,1.1631
1899,0.151715,1.1638
1900,0.152391,1.1646
1901,0.156091,1.1689
1902,0.159406,1.1728
1903,0.151263,1.1633
1904,0.151251,1.1633
1905,0.158179,1.1714
1906,0.149696,1.1615
1907,0.155874,1.1687
1908,0.153311,1.1657
1909,0.147606,1.1591
1910,0.151535,1.1636
1911,0.146174,1.1574
1912,0.155423,1.1682
1913,0.154572,1.1672
1914,0.150100,1.1619
1915,0.146192,1.1574
1916,0.150278,1.1622
1917,0.155297,1.1680
1918,0.152925,1.1652
1919,0.154647,1.1672
1920,0.145230,1.1563
1921,0.151559,1.1636
1922,0.155004,1.1677
1923,0.150338,1.1622
1924,0.154068,1.1666
1925,0.155831,1.1686
1926,0.145606,1.1567
1927,0.155942,1.1688
1928,0.149726,1.1615
1929,0.148915,1.1606
1930,0.152534,1.1648
1931,0.155761,1.1685
1932,0.152365,1.1646
1933,0.159195,1.1726
1934,0.149355,1.1611
1935,0.146205,1.1574
1936,0.152374,1.1646
1937,0.150029,1.1619
1938,0.157704,1.1708
1939,0.155171,1.1679
1940,0.153438,1.1658
1941,0.153423,1.1658
1942,0.147974,1.1595
1943,0.160887,1.1746
1944,0.149568,1.1613
1945,0.148207,1.1598
1946,0.150426,1.1623
1947,0.158472,1.1717
1948,0.160239,1.1738
1949,0.158941,1.1723
1950,0.153162,1.1655
1951,0.157572,1.1707
1952,0.156291,1.1692
1953,0.151866,1.1640
1954,0.151014,1.1630
1955,0.158153,1.1713
1956,0.157616,1.1707
1957,0.157575,1.1707
1958,0.160330,1.1739
1959,0.152022,1.1642
1960,0.152777,1.1651
1961,0.156926,1.1699
1962,0.152527,1.1648
1963,0.153838,1.1663
1964,0.160421,1.1740
1965,0.153941,1.1664
1966,0.157787,1.1709
1967,0.158131,1.1713
1968,0.158974,1.1723
1969,0.151177,1.1632
1970,0.147888,1.1594
1971,0.155154,1.1678
1972,0.156277,1.1691
1973,0.154234,1.1668
1974,0.151389,1.1634
1975,0.150429,1.1623
1976,0.157849,1.1710
1977,0.158569,1.1718
1978,0.150592,1.1625
1979,0.152858,1.1652
1980,0.152143,1.1643
1981,0.159247,1.1726
1982,0.160409,1.1740
1983,0.152103,1.1643
1984,0.155529,1.1683
1985,0.155390,1.1681
1986,0.158427,1.1717
1987,0.150516,1.1624
1988,0.147075,1.1584
1989,0.152871,1.1652
1990,0.157998,1.1712
1991,0.144603,1.1556
1992,0.152201,1.1644
1993,0.151235,1.1633
1994,0.151261,1.1633
1995,0.150971,1.1630
1996,0.155944,1.1688
1997,0.156831,1.1698
1998,0.159287,1.1727
1999,0.153852,1.1663
2000,0.156419,1.1693
2001,0.154273,1.1668
2002,0.146728,1.1580
2003,0.153006,1.1653
2004,0.152625,1.1649
2005,0.155033,1.1677
2006,0.148844,1.1605
2007,0.151724,1.1638
2008,0.151659,1.1638
2009,0.145409,1.1565
2010,0.149308,1.1610
2011,0.154822,1.1675
2012,0.144956,1.1560
2013,0.147907,1.1594
2014,0.155005,1.1677
2015,0.156232,1.1691
2016,0.151912,1.1641
2017,0.158436,1.1717
2018,0.147902,1.1594
2019,0.157763,1.1709
2020,0.148790,1.1604
2021,0.153462,1.1659
2022,0.151630,1.1637
2023,0.153769,1.1662
2024,0.157471,1.1705
2025,0.151761,1.1639
2026,0.148952,1.1606
2027,0.152323,1.1645
2028,0.156924,1.1699
2029,0.151447,1.1635
2030,0.149322,1.1610
2031,0.152153,1.1643
2032,0.157649,1.1708
2033,0.152687,1.1650
2034,0.150839,1.1628
2035,0.160114,1.1736
2036,0.146348,1.1576
2037,0.157169,1.1702
2038,0.151805,1.1639
2039,0.158665,1.1719
2040,0.151102,1.1631
2041,0.147676,1.1591
2042,0.148454,1.1600
2043,0.153248,1.1656
2044,0.146921,1.1583
2045,0.153712,1.1662
2046,0.155380,1.1681
2047,0.149807,1.1616
2048,0.156960,1.1699
2049,0.152355,1.1646
2050,0.147752,1.1592
2051,0.152612,1.1649
2052,0.152155,1.1643
2053,0.151171,1.1632
2054,0.154075,1.1666
2055,0.158396,1.1716
2056,0.151972,1.1641
2057,0.152011,1.1642
2058,0.150462,1.1624
2059,0.158862,1.1722
2060,0.152476,1.1647
2061,0.151135,1.1632
2062,0.147285,1.1587
2063,0.150152,1.1620
2064,0.150396,1.1623
2065,0.156633,1.1696
2066,0.151049,1.1631
2067,0.155712,1.1685
2068,0.151602,1.1637
2069,0.147726,1.1592
2070,0.155598,1.1684
2071,0.147262,1.1587
2072,0.151330,1.1634
2073,0.146368,1.1576
2074,0.155021,1.1677
2075,0.152289,1.1645
2076,0.150222,1.1621
2077,0.149318,1.1610
2078,0.152452,1.1647
2079,0.150646,1.1626
2080,0.154611,1.1672
2081,0.148046,1.1596
2082,0.149051,1.1607
2083,0.154888,1.1675
2084,0.152074,1.1642
2085,0.153611,1.1660
2086,0.153184,1.1655
2087,0.155818,1.1686
2088,0.151505,1.1636
2089,0.150678,1.1626
2090,0.148208,1.1598
2091,0.152240,1.1644
2092,0.155780,1.1686
2093,0.152626,1.1649
2094,0.163459,1.1776
2095,0.154733,1.1673
2096,0.159021,1.1724
2097,0.154960,1.1676
2098,0.156703,1.1696
2099,0.154086,1.1666
2100,0.153549,1.1660
2101,0.155911,1.1687
2102,0.151604,1.1637
2103,0.148652,1.1603
2104,0.151982,1.1641
2105,0.158944,1.1723
2106,0.152888,1.1652
2107,0.148595,1.1602
2108,0.148033,1.1596
2109,0.150081,1.1619
2110,0.151464,1.1635
2111,0.149933,1.1618
2112,0.156060,1.1689
2113,0.155477,1.1682
2114,0.163620,1.1778
2115,0.153765,1.1662
2116,0.151538,1.1636
2117,0.146075,1.1573
2118,0.154869,1.1675
2119,0.158208,1.1714
2120,0.158364,1.1716
2121,0.160756,1.1744
2122,0.154628,1.1672
2123,0.150056,1.1619
2124,0.151843,1.1640
2125,0.153402,1.1658
2126,0.147606,1.1591
2127,0.149237,1.1609
2128,0.148490,1.1601
2129,0.144874,1.1559
2130,0.150899,1.1629
2131,0.151253,1.1633
2132,0.153914,1.1664
2133,0.158273,1.1715
2134,0.154313,1.1669
2135,0.157473,1.1705
2136,0.146140,1.1574
2137,0.142440,1.1531
2138,0.145531,1.1567
2139,0.147005,1.1584
2140,0.153144,1.1655
2141,0.146416,1.1577
2142,0.152354,1.1646
2143,0.149913,1.1617
2144,0.157064,1.1701
2145,0.163462,1.1776
2146,0.150333,1.1622
2147,0.155932,1.1687
2148,0.148347,1.1599
2149,0.153459,1.1659
2150,0.149874,1.1617
2151,0.154705,1.1673
2152,0.150868,1.1628
2153,0.154168,1.1667
2154,0.154492,1.1671
2155,0.146782,1.1581
2156,0.149967,1.1618
2157,0.156933,1.1699
2158,0.158442,1.1717
2159,0.151787,1.1639
2160,0.149658,1.1614
2161,0.157093,1.1701
2162,0.150062,1.1619
2163,0.150833,1.1628
2164,0.147411,1.1588
2165,0.151287,1.1633
2166,0.151236,1.1633
2167,0.155971,1.1688
2168,0.150501,1.1624
2169,0.152506,1.1647
2170,0.154465,1.1670
2171,0.154532,1.1671
2172,0.151713,1.1638
2173,0.158953,1.1723
2174,0.153502,1.1659
2175,0.151565,1.1637
2176,0.149694,1.1615
2177,0.152651,1.1649
2178,0.144858,1.1559
2179,0.153861,1.1663
2180,0.161210,1.1749
2181,0.152021,1.1642
2182,0.151653,1.1638
2183,0.158690,1.1720
2184,0.148008,1.1595
2185,0.153789,1.1662
2186,0.156919,1.1699
2187,0.148807,1.1604
2188,0.147041,1.1584
2189,0.152847,1.1651
2190,0.153120,1.1655
2191,0.158374,1.1716
2192,0.153666,1.1661
2193,0.148190,1.1597
2194,0.148034,1.1596
2195,0.158213,1.1714
2196,0.150859,1.1628
2197,0.154540,1.1671
2198,0.151947,1.1641
2199,0.157809,1.1709
2200,0.164215,1.1785
2201,0.149493,1.1612
2202,0.150068,1.1619
2203,0.145319,1.1564
2204,0.152218,1.1644
2205,0.145776,1.1569
2206,0.152034,1.1642
2207,0.154834,1.1675
2208,0.158087,1.1713
2209,0.155272,1.1680
2210,0.153878,1.1663
2211,0.144730,1.1557
2212,0.143559,1.1544
2213,0.155903,1.1687
2214,0.157412,1.1705
2215,0.151096,1.1631
2216,0.152166,1.1644
2217,0.151029,1.1630
2218,0.154092,1.1666
2219,0.148383,1.1600
2220,0.156759,1.1697
2221,0.153771,1.1662
2222,0.151128,1.1631
2223,0.152180,1.1644
2224,0.154195,1.1667
2225,0.158463,1.1717
2226,0.153891,1.1664
2227,0.158898,1.1722
2228,0.148550,1.1602
2229,0.155996,1.1688
2230,0.151628,1.1637
2231,0.149681,1.1615
2232,0.147640,1.1591
2233,0.146025,1.1572
2234,0.150579,1.1625
2235,0.146089,1.1573
2236,0.149269,1.1610
2237,0.156083,1.1689
2238,0.147573,1.1590
2239,0.150638,1.1626
2240,0.158944,1.1723
2241,0.151332,1.1634
2242,0.156046,1.1689
2243,0.155904,1.1687
2244,0.151031,1.1630
2245,0.149069,1.1608
2246,0.148803,1.1604
2247,0.155254,1.1680
2248,0.154406,1.1670
2249,0.153903,1.1664
2250,0.152173,1.1644
2251,0.151422,1.1635
2252,0.150383,1.1623
2253,0.148342,1.1599
2254,0.154729,1.1673
2255,0.145439,1.1565
2256,0.149991,1.1618
2257,0.150556,1.1625
2258,0.150573,1.1625
2259,0.150226,1.1621
2260,0.153871,1.1663
2261,0.147441,1.1589
2262,0.143429,1.1542
2263,0.154996,1.1677
2264,0.153985,1.1665
2265,0.149331,1.1611
2266,0.154673,1.1673
2267,0.159549,1.1730
2268,0.148563,1.1602
2269,0.153777,1.1662
2270,0.149300,1.1610
2271,0.153582,1.1660
2272,0.149721,1.1615
2273,0.153958,1.1664
2274,0.150926,1.1629
2275,0.150192,1.1621
2276,0.149240,1.1610
2277,0.157477,1.1706
2278,0.148392,1.1600
2279,0.150035,1.1619
2280,0.152129,1.1643
2281,0.152044,1.1642
2282,0.155021,1.1677
2283,0.157390,1.1705
2284,0.156422,1.1693
2285,0.150892,1.1629
2286,0.156846,1.1698
2287,0.148539,1.1601
2288,0.151358,1.1634
2289,0.151002,1.1630
2290,0.153534,1.1659
2291,0.152740,1.1650
2292,0.154296,1.1668
2293,0.149779,1.1616
2294,0.152783,1.1651
2295,0.156218,1.1691
2296,0.150747,1.1627
2297,0.150601,1.1625
2298,0.159537,1.1730
2299,0.152208,1.1644
2300,0.151542,1.1636
2301,0.149385,1.1611
2302,0.149682,1.1615
2303,0.150541,1.1625
2304,0.150153,1.1620
2305,0.151547,1.1636
2306,0.149607,1.1614
2307,0.154789,1.1674
2308,0.149165,1.1609
2309,0.157278,1.1703
2310,0.154331,1.1669
2311,0.155128,1.1678
2312,0.154385,1.1669
2313,0.152108,1.1643
2314,0.152847,1.1651
2315,0.148835,1.1605
2316,0.150382,1.1623
2317,0.153239,1.1656
2318,0.149011,1.1607
2319,0.152097,1.1643
2320,0.148311,1.1599
2321,0.157409,1.1705
2322,0.148299,1.1599
2323,0.150587,1.1625
2324,0.151044,1.1630
2325,0.154406,1.1670
2326,0.145729,1.1569
2327,0.145517,1.1566
2328,0.152431,1.1647
2329,0.151787,1.1639
2330,0.154539,1.1671
2331,0.152415,1.1646
2332,0.152399,1.1646
2333,0.157630,1.1707
2334,0.145633,1.1568
2335,0.152228,1.1644
2336,0.148154,1.1597
2337,0.145502,1.1566
2338,0.151787,1.1639
2339,0.155616,1.1684
2340,0.151821,1.1640
2341,0.149442,1.1612
2342,0.156515,1.1694
2343,0.155084,1.1678
2344,0.152279,1.1645
2345,0.148244,1.1598
2346,0.149665,1.1614
2347,0.144408,1.1554
2348,0.150202,1.1621
2349,0.152754,1.1650
2350,0.149520,1.1613
2351,0.153169,1.1655
2352,0.153852,1.1663
2353,0.152300,1.1645
2354,0.151090,1.1631
2355,0.146025,1.1572
2356,0.145638,1.1568
2357,0.146880,1.1582
2358,0.150597,1.1625
2359,0.151518,1.1636
2360,0.149098,1.1608
2361,0.147431,1.1589
2362,0.152518,1.1648
2363,0.152088,1.1643
2364,0.153025,1.1654
2365,0.157535,1.1706
2366,0.155783,1.1686
2367,0.156568,1.1695
2368,0.150254,1.1621
2369,0.150950,1.1629
2370,0.148873,1.1605
2371,0.145902,1.1571
2372,0.150346,1.1622
2373,0.155214,1.1679
2374,0.143556,1.1544
2375,0.152765,1.1651
2376,0.158623,1.1719
2377,0.150274,1.1622
2378,0.156979,1.1700
2379,0.150179,1.1620
2380,0.147293,1.1587
2381,0.149590,1.1614
2382,0.151702,1.1638
2383,0.152397,1.1646
2384,0.151201,1.1632
2385,0.151620,1.1637
2386,0.152524,1.1648
2387,0.144370,1.1553
2388,0.154048,1.1665
2389,0.152771,1.1651
2390,0.150122,1.1620
2391,0.152869,1.1652
2392,0.152114,1.1643
2393,0.151327,1.1634
2394,0.147519,1.1590
2395,0.155284,1.1680
2396,0.150860,1.1628
2397,0.149721,1.1615
2398,0.146122,1.1573
2399,0.145429,1.1565
2400,0.144198,1.1551
2401,0.147596,1.1590
2402,0.154986,1.1676
2403,0.155299,1.1680
2404,0.159930,1.1734
2405,0.154488,1.1671
2406,0.152513,1.1648
2407,0.147610,1.1591
2408,0.150876,1.1629
2409,0.154737,1.1674
2410,0.155177,1.1679
2411,0.148557,1.1602
2412,0.148652,1.1603
2413,0.155101,1.1678
2414,0.148191,1.1597
2415,0.152423,1.1647
2416,0.142731,1.1534
2417,0.151647,1.1637
2418,0.151948,1.1641
2419,0.149718,1.1615
2420,0.150160,1.1620
2421,0.146968,1.1583
2422,0.154648,1.1672
2423,0.149377,1.1611
2424,0.149498,1.1613
2425,0.153457,1.1659
2426,0.148374,1.1599
2427,0.154770,1.1674
2428,0.148592,1.1602
2429,0.150271,1.1621
2430,0.153949,1.1664
2431,0.153527,1.1659
2432,0.149831,1.1616
2433,0.153319,1.1657
2434,0.156938,1.1699
2435,0.146158,1.1574
2436,0.158417,1.1717
2437,0.153295,1.1657
2438,0.149443,1.1612
2439,0.148443,1.1600
2440,0.153927,1.1664
2441,0.149469,1.1612
2442,0.154471,1.1670
2443,0.148717,1.1603
2444,0.154299,1.1668
2445,0.153121,1.1655
2446,0.154588,1.1672
2447,0.155558,1.1683
2448,0.145433,1.1565
2449,0.148291,1.1599
2450,0.150542,1.1625
2451,0.154450,1.1670
2452,0.150905,1.1629
2453,0.151073,1.1631
2454,0.152676,1.1649
2455,0.154537,1.1671
2456,0.152360,1.1646
2457,0.146926,1.1583
2458,0.154863,1.1675
2459,0.158298,1.1715
2460,0.148623,1.1602
2461,0.155788,1.1686
2462,0.153492,1.1659
2463,0.151944,1.1641
2464,0.154116,1.1666
2465,0.158986,1.1723
2466,0.153263,1.1656
2467,0.148075,1.1596
2468,0.149141,1.1608
2469,0.151621,1.1637
2470,0.152506,1.1647
2471,0.150052,1.1619
2472,0.157908,1.1711
2473,0.148897,1.1606
2474,0.155494,1.1682
2475,0.159990,1.1735
2476,0.154269,1.1668
2477,0.151683,1.1638
2478,0.154462,1.1670
2479,0.153168,1.1655
2480,0.157582,1.1707
2481,0.155025,1.1677
2482,0.150509,1.1624
2483,0.157749,1.1709
2484,0.144994,1.1560
2485,0.150086,1.1619
2486,0.148173,1.1597
2487,0.159126,1.1725
2488,0.156091,1.1689
2489,0.148669,1.1603
2490,0.153545,1.1660
2491,0.145771,1.1569
2492,0.153121,1.1655
2493,0.148470,1.1601
2494,0.151490,1.1636
2495,0.150018,1.1619
2496,0.149307,1.1610
2497,0.146154,1.1574
2498,0.150320,1.1622
2499,0.152154,1.1643
2500,0.151253,1.1633
2501,0.144821,1.1558
2502,0.152100,1.1643
2503,0.150698,1.1626
2504,0.146587,1.1579
2505,0.144868,1.1559
2506,0.150387,1.1623
2507,0.154230,1.1668
2508,0.149590,1.1614
2509,0.154734,1.1673
2510,0.161205,1.1749
2511,0.154520,1.1671
2512,0.153022,1.1654
2513,0.151375,1.1634
2514,0.153090,1.1654
2515,0.154148,1.1667
2516,0.156072,1.1689
2517,0.145439,1.1565
2518,0.155455,1.1682
2519,0.150414,1.1623
2520,0.151131,1.1631
2521,0.153202,1.1656
2522,0.157217,1.1702
2523,0.155842,1.1686
2524,0.156023,1.1689
2525,0.148330,1.1599
2526,0.157627,1.1707
2527,0.148121,1.1597
2528,0.154458,1.1670
2529,0.155838,1.1686
2530,0.159070,1.1724
2531,0.150999,1.1630
2532,0.146647,1.1579
2533,0.148244,1.1598
2534,0.150716,1.1627
2535,0.156524,1.1694
2536,0.154642,1.1672
2537,0.145562,1.1567
2538,0.145325,1.1564
2539,0.147393,1.1588
2540,0.146700,1.1580
2541,0.152416,1.1646
2542,0.147331,1.1587
2543,0.152044,1.1642
2544,0.147645,1.1591
2545,0.144801,1.1558
2546,0.146701,1.1580
2547,0.145231,1.1563
2548,0.154385,1.1669
2549,0.152331,1.1645
2550,0.157087,1.1701
2551,0.147713,1.1592
2552,0.152459,1.1647
2553,0.152492,1.1647
2554,0.151393,1.1635
2555,0.153394,1.1658
2556,0.154259,1.1668
2557,0.154047,1.1665
2558,0.144175,1.1551
2559,0.151051,1.1631
2560,0.153547,1.1660
2561,0.151569,1.1637
2562,0.149714,1.1615
2563,0.155068,1.1677
2564,0.155018,1.1677
2565,0.153834,1.1663
2566,0.155592,1.1683
2567,0.149488,1.1612
2568,0.151480,1.1636
2569,0.156378,1.1693
2570,0.150681,1.1626
2571,0.152805,1.1651
2572,0.149777,1.1616
2573,0.147436,1.1589
2574,0.155628,1.1684
2575,0.150157,1.1620
2576,0.153408,1.1658
2577,0.150545,1.1625
2578,0.150703,1.1627
2579,0.150822,1.1628
2580,0.153141,1.1655
2581,0.149510,1.1613
2582,0.152856,1.1652
2583,0.150366,1.1623
2584,0.145008,1.1560
2585,0.156677,1.1696
2586,0.157305,1.1704
2587,0.153018,1.1653
2588,0.148731,1.1604
2589,0.148342,1.1599
2590,0.153553,1.1660
2591,0.150172,1.1620
2592,0.150221,1.1621
2593,0.153935,1.1664
2594,0.147922,1.1594
2595,0.150698,1.1626
2596,0.150492,1.1624
2597,0.150131,1.1620
2598,0.150011,1.1618
2599,0.155961,1.1688
2600,0.148401,1.1600
2601,0.149640,1.1614
2602,0.148356,1.1599
2603,0.155272,1.1680
2604,0.152956,1.1653
2605,0.148255,1.1598
2606,0.151889,1.1640
2607,0.153820,1.1663
2608,0.153852,1.1663
2609,0.150930,1.1629
2610,0.154727,1.1673
2611,0.143989,1.1549
2612,0.156783,1.1697
2613,0.143098,1.1538
2614,0.150748,1.1627
2615,0.150579,1.1625
2616,0.155926,1.1687
2617,0.142158,1.1528
2618,0.150512,1.1624
2619,0.151319,1.1634
2620,0.150428,1.1623
2621,0.145475,1.1566
2622,0.151859,1.1640
2623,0.149448,1.1612
2624,0.154556,1.1671
2625,0.154107,1.1666
2626,0.151918,1.1641
2627,0.148479,1.1601
2628,0.157307,1.1704
2629,0.153741,1.1662
2630,0.148963,1.1606
2631,0.157446,1.1705
2632,0.151458,1.1635
2633,0.147083,1.1585
2634,0.155049,1.1677
2635,0.145334,1.1564
2636,0.158741,1.1720
2637,0.149788,1.1616
2638,0.157639,1.1707
2639,0.148311,1.1599
2640,0.150246,1.1621
2641,0.156734,1.1697
2642,0.159313,1.1727
2643,0.148039,1.1596
2644,0.155820,1.1686
2645,0.151701,1.1638
2646,0.150957,1.1629
2647,0.155471,1.1682
2648,0.157090,1.1701
2649,0.150518,1.1624
2650,0.153693,1.1661
2651,0.149170,1.1609
2652,0.156009,1.1688
2653,0.154071,1.1666
2654,0.154559,1.1671
2655,0.163519,1.1776
2656,0.149213,1.1609
2657,0.146433,1.1577
2658,0.151598,1.1637
2659,0.153804,1.1663
2660,0.150495,1.1624
2661,0.153552,1.1660
2662,0.155801,1.1686
2663,0.154207,1.1667
2664,0.145339,1.1564
2665,0.153772,1.1662
2666,0.153935,1.1664
2667,0.151446,1.1635
2668,0.143303,1.1541
2669,0.153376,1.1658
2670,0.148077,1.1596
2671,0.153612,1.1660
2672,0.155747,1.1685
2673,0.143458,1.1543
2674,0.150652,1.1626
2675,0.154846,1.1675
2676,0.153821,1.1663
2677,0.153901,1.1664
2678,0.152441,1.1647
2679,0.155361,1.1681
2680,0.149236,1.1609
2681,0.144160,1.1551
2682,0.153410,1.1658
2683,0.151545,1.1636
2684,0.146529,1.1578
2685,0.154099,1.1666
2686,0.151117,1.1631
2687,0.150467,1.1624
2688,0.145560,1.1567
2689,0.153940,1.1664
2690,0.151167,1.1632
2691,0.151293,1.1633
2692,0.143384,1.1542
2693,0.152184,1.1644
2694,0.148806,1.1604
2695,0.152941,1.1653
2696,0.154767,1.1674
2697,0.154065,1.1666
2698,0.154164,1.1667
2699,0.147452,1.1589
2700,0.155043,1.1677
2701,0.148213,1.1598
2702,0.152120,1.1643
2703,0.144457,1.1554
2704,0.151432,1.1635
2705,0.152461,1.1647
2706,0.149023,1.1607
2707,0.150993,1.1630
2708,0.153079,1.1654
2709,0.159237,1.1726
2710,0.152022,1.1642
2711,0.147671,1.1591
2712,0.150701,1.1626
2713,0.152324,1.1645
2714,0.150775,1.1627
2715,0.148634,1.1602
2716,0.155467,1.1682
2717,0.149413,1.1612
2718,0.149977,1.1618
2719,0.152382,1.1646
2720,0.149160,1.1609
2721,0.147860,1.1594
2722,0.147580,1.1590
2723,0.151053,1.1631
2724,0.152305,1.1645
2725,0.150169,1.1620
2726,0.144776,1.1558
2727,0.157129,1.1701
2728,0.152531,1.1648
2729,0.150327,1.1622
2730,0.151988,1.1641
2731,0.149089,1.1608
2732,0.149780,1.1616
2733,0.153329,1.1657
2734,0.147459,1.1589
2735,0.157827,1.1710
2736,0.149703,1.1615
2737,0.151877,1.1640
2738,0.154622,1.1672
2739,0.151612,1.1637
2740,0.150944,1.1629
2741,0.159016,1.1724
2742,0.152182,1.1644
2743,0.145700,1.1568
2744,0.153660,1.1661
2745,0.151263,1.1633
2746,0.152984,1.1653
2747,0.150352,1.1622
2748,0.147923,1.1594
2749,0.155822,1.1686
2750,0.158006,1.1712
2751,0.155525,1.1683
2752,0.151377,1.1634
2753,0.146939,1.1583
2754,0.147921,1.1594
2755,0.154766,1.1674
2756,0.142549,1.1532
2757,0.157278,1.1703
2758,0.152718,1.1650
2759,0.150752,1.1627
2760,0.150067,1.1619
2761,0.154142,1.1667
2762,0.150158,1.1620
2763,0.155407,1.1681
2764,0.149184,1.1609
2765,0.158348,1.1716
2766,0.147574,1.1590
2767,0.154900,1.1675
2768,0.157321,1.1704
2769,0.146760,1.1581
2770,0.154258,1.1668
2771,0.147945,1.1594
2772,0.154421,1.1670
2773,0.147981,1.1595
2774,0.156749,1.1697
2775,0.147754,1.1592
2776,0.153825,1.1663
2777,0.154455,1.1670
2778,0.151600,1.1637
2779,0.151426,1.1635
2780,0.151701,1.1638
2781,0.143646,1.1545
2782,0.147435,1.1589
2783,0.152194,1.1644
2784,0.150407,1.1623
2785,0.148842,1.1605
2786,0.153621,1.1660
2787,0.157642,1.1707
2788,0.149376,1.1611
2789,0.147421,1.1588
2790,0.149254,1.1610
2791,0.154109,1.1666
2792,0.150266,1.1621
2793,0.142699,1.1534
2794,0.154243,1.1668
2795,0.147677,1.1591
2796,0.152850,1.1652
2797,0.154983,1.1676
2798,0.149773,1.1616
2799,0.150499,1.1624
2800,0.144166,1.1551
2801,0.148300,1.1599
2802,0.148004,1.1595
2803,0.148894,1.1606
2804,0.153136,1.1655
2805,0.150529,1.1624
2806,0.149852,1.1617
2807,0.155402,1.1681
2808,0.154705,1.1673
2809,0.154185,1.1667
2810,0.151638,1.1637
2811,0.146068,1.1573
2812,0.156814,1.1698
2813,0.154864,1.1675
2814,0.145776,1.1569
2815,0.146093,1.1573
2816,0.157468,1.1705
2817,0.148231,1.1598
2818,0.149777,1.1616
2819,0.149382,1.1611
2820,0.156230,1.1691
2821,0.158358,1.1716
2822,0.148869,1.1605
2823,0.150764,1.1627
2824,0.150254,1.1621
2825,0.149112,1.1608
2826,0.152129,1.1643
2827,0.154403,1.1670
2828,0.149255,1.1610
2829,0.146425,1.1577
2830,0.147510,1.1589
2831,0.153590,1.1660
2832,0.149982,1.1618
2833,0.150662,1.1626
2834,0.150668,1.1626
2835,0.157944,1.1711
2836,0.157298,1.1703
2837,0.149129,1.1608
2838,0.152544,1.1648
2839,0.152205,1.1644
2840,0.152376,1.1646
2841,0.148630,1.1602
2842,0.153921,1.1664
2843,0.153962,1.1664
2844,0.150144,1.1620
2845,0.151064,1.1631
2846,0.148113,1.1596
2847,0.147701,1.1592
2848,0.145120,1.1562
2849,0.147910,1.1594
2850,0.147547,1.1590
2851,0.147635,1.1591
2852,0.146881,1.1582
2853,0.150184,1.1620
2854,0.150855,1.1628
2855,0.155630,1.1684
2856,0.152002,1.1642
2857,0.151682,1.1638
2858,0.152740,1.1650
2859,0.153433,1.1658
2860,0.143601,1.1544
2861,0.154364,1.1669
2862,0.155737,1.1685
2863,0.151839,1.1640
2864,0.152523,1.1648
2865,0.154493,1.1671
2866,0.150682,1.1626
2867,0.150689,1.1626
2868,0.147712,1.1592
2869,0.144972,1.1560
2870,0.152554,1.1648
2871,0.153049,1.1654
2872,0.150166,1.1620
2873,0.147712,1.1592
2874,0.150042,1.1619
2875,0.154238,1.1668
2876,0.154679,1.1673
2877,0.143749,1.1546
2878,0.150536,1.1625
2879,0.148820,1.1605
2880,0.153679,1.1661
2881,0.147915,1.1594
2882,0.150713,1.1627
2883,0.152581,1.1648
2884,0.161103,1.1748
2885,0.152227,1.1644
2886,0.145140,1.1562
2887,0.146299,1.1575
2888,0.150956,1.1629
2889,0.159419,1.1728
2890,0.155369,1.1681
2891,0.145343,1.1564
2892,0.149958,1.1618
2893,0.153404,1.1658
2894,0.148438,1.1600
2895,0.150155,1.1620
2896,0.150574,1.1625
2897,0.145424,1.1565
2898,0.156305,1.1692
2899,0.149423,1.1612
2900,0.149863,1.1617
2901,0.149881,1.1617
2902,0.147111,1.1585
2903,0.148735,1.1604
2904,0.148691,1.1603
2905,0.154645,1.1672
2906,0.150354,1.1622
2907,0.153258,1.1656
2908,0.151114,1.1631
2909,0.144206,1.1551
2910,0.151895,1.1640
2911,0.153475,1.1659
2912,0.147172,1.1586
2913,0.148972,1.1606
2914,0.150258,1.1621
2915,0.153277,1.1656
2916,0.149143,1.1608
2917,0.150290,1.1622
2918,0.147827,1.1593
2919,0.154145,1.1667
2920,0.157245,1.1703
2921,0.153406,1.1658
2922,0.148247,1.1598
2923,0.148885,1.1605
2924,0.146481,1.1578
2925,0.154041,1.1665
2926,0.159372,1.1728
2927,0.150379,1.1623
2928,0.144820,1.1558
2929,0.148849,1.1605
2930,0.147053,1.1584
2931,0.151097,1.1631
2932,0.155245,1.1679
2933,0.160166,1.1737
2934,0.153813,1.1663
2935,0.149730,1.1615
2936,0.152846,1.1651
2937,0.153445,1.1658
2938,0.153522,1.1659
2939,0.155176,1.1679
2940,0.149346,1.1611
2941,0.157333,1.1704
2942,0.149142,1.1608
2943,0.142613,1.1533
2944,0.156434,1.1693
2945,0.155307,1.1680
2946,0.154483,1.1671
2947,0.148523,1.1601
2948,0.150452,1.1624
2949,0.153343,1.1657
2950,0.142048,1.1526
2951,0.152563,1.1648
2952,0.144542,1.1555
2953,0.151468,1.1635
2954,0.150501,1.1624
2955,0.154305,1.1668
2956,0.150173,1.1620
2957,0.153178,1.1655
2958,0.154263,1.1668
2959,0.154388,1.1669
2960,0.156569,1.1695
2961,0.152091,1.1643
2962,0.152215,1.1644
2963,0.149595,1.1614
2964,0.156082,1.1689
2965,0.140133,1.1504
2966,0.150549,1.1625
2967,0.155412,1.1681
2968,0.156121,1.1690
2969,0.157839,1.1710
2970,0.150474,1.1624
2971,0.154145,1.1667
2972,0.147706,1.1592
2973,0.150807,1.1628
2974,0.154041,1.1665
2975,0.143705,1.1545
2976,0.145267,1.1563
2977,0.149028,1.1607
2978,0.152823,1.1651
2979,0.157245,1.1703
2980,0.150658,1.1626
2981,0.146991,1.1583
2982,0.147740,1.1592
2983,0.148711,1.1603
2984,0.149041,1.1607
2985,0.148529,1.1601
2986,0.151508,1.1636
2987,0.150095,1.1619
2988,0.149111,1.1608
2989,0.150851,1.1628
2990,0.148604,1.1602
2991,0.157682,1.1708
2992,0.155671,1.1684
2993,0.147221,1.1586
2994,0.147953,1.1595
2995,0.151675,1.1638
2996,0.156797,1.1698
2997,0.152504,1.1647
2998,0.150452,1.1624
2999,0.149445,1.1612
3000,0.152558,1.1648
